<?xml version="1.0" encoding="UTF-8"?>
<project-private xmlns="http://www.netbeans.org/ns/project-private/1">
    <editor-bookmarks xmlns="http://www.netbeans.org/ns/editor-bookmarks/2" lastBookmarkId="0"/>
    <open-files xmlns="http://www.netbeans.org/ns/projectui-open-files/2">
        <group>
            <file>file:/C:/Users/Lenovo-/Documents/NetBeansProjects/Project_Restaurant_Booking/src/project_restaurant_booking/Project_Restaurant_Booking.java</file>
            <file>file:/C:/Users/Lenovo-/Documents/NetBeansProjects/Project_Restaurant_Booking/src/project_restaurant_booking/BookingPage.java</file>
            <file>file:/C:/Users/Lenovo-/Documents/NetBeansProjects/Project_Restaurant_Booking/src/project_restaurant_booking/EmployeePage.java</file>
            <file>file:/C:/Users/Lenovo-/Documents/NetBeansProjects/Project_Restaurant_Booking/src/project_restaurant_booking/CustomerPage.java</file>
        </group>
    </open-files>
</project-private>
